S-Word;Tristeza;Miedo;Alegr¡a;Enfado;Sorpresa;Neutral
abandonado;1,00;0,00;0,00;0,00;0,00;0,00
abejas;0,00;0,50;0,17;0,00;0,00;0,33
aborto;0,67;0,17;0,00;0,00;0,00;0,17
abrasador;0,00;0,50;0,00;0,17;0,00;0,33
abrazo;0,00;0,00;1,00;0,00;0,00;0,00
abrumado;0,50;0,17;0,00;0,17;0,00;0,17
absurdo;0,00;0,00;0,00;0,67;0,17;0,17
abundancia;0,00;0,00;0,67;0,00;0,00;0,33
aburrido;0,50;0,00;0,00;0,17;0,00;0,33
accidente;0,50;0,50;0,00;0,00;0,00;0,00
 cido;0,00;0,33;0,00;0,00;0,00;0,67
acogedor;0,00;0,00;1,00;0,00;0,00;0,00
acontecimiento;0,00;0,00;0,00;0,00;0,17;0,83
acre;0,00;0,00;0,00;0,00;0,00;1,00
activar;0,00;0,00;0,00;0,00;0,17;0,83
acuerdo;0,00;0,00;0,67;0,00;0,00;0,33
acurrucarse;0,00;0,00;0,67;0,00;0,00;0,33
adicto;0,67;0,00;0,00;0,00;0,00;0,33
adinerado;0,00;0,00;0,33;0,00;0,00;0,67
admirado;0,00;0,00;1,00;0,00;0,00;0,00
adorable;0,00;0,00;0,83;0,00;0,00;0,17
adulto;0,00;0,00;0,00;0,00;0,00;1,00
afectar;0,33;0,17;0,00;0,17;0,00;0,33
afecto;0,00;0,00;1,00;0,00;0,00;0,00
afianzar;0,00;0,00;0,50;0,00;0,00;0,50
afligido;1,00;0,00;0,00;0,00;0,00;0,00
afortunado;0,00;0,00;1,00;0,00;0,00;0,00
agilidad;0,00;0,00;0,33;0,00;0,00;0,67
agobiado;0,67;0,00;0,00;0,17;0,00;0,17
agon¡a;1,00;0,00;0,00;0,00;0,00;0,00
agradecido;0,00;0,00;1,00;0,00;0,00;0,00
agresi¢n;0,00;0,33;0,00;0,67;0,00;0,00
agresivo;0,00;0,50;0,00;0,50;0,00;0,00
agua;0,00;0,00;0,17;0,00;0,00;0,83
aguanieve;0,00;0,00;0,17;0,00;0,00;0,83
aguja;0,00;0,50;0,00;0,00;0,00;0,50
ahogarse;0,17;0,83;0,00;0,00;0,00;0,00
ahorrar;0,00;0,00;0,17;0,00;0,00;0,83
aire;0,00;0,00;0,00;0,00;0,00;1,00
alba;0,00;0,00;0,17;0,00;0,00;0,83
alcoh¢lico;0,83;0,00;0,00;0,00;0,00;0,17
alegre;0,00;0,00;1,00;0,00;0,00;0,00
alergia;0,17;0,00;0,33;0,33;0,00;0,17
alerta;0,00;0,33;0,00;0,00;0,67;0,00
almohada;0,00;0,00;0,17;0,00;0,00;0,83
amabilidad;0,00;0,00;1,00;0,00;0,00;0,00
amable;0,00;0,00;1,00;0,00;0,00;0,00
amado;0,00;0,00;1,00;0,00;0,00;0,00
amanecer;0,00;0,00;0,50;0,00;0,00;0,50
amarillo;0,00;0,00;0,00;0,00;0,00;1,00
ambici¢n;0,00;0,00;0,00;0,33;0,00;0,67
ambulancia;0,17;0,50;0,00;0,00;0,17;0,17
amenaza;0,00;0,83;0,00;0,17;0,00;0,00
amigable;0,00;0,00;1,00;0,00;0,00;0,00
amigo;0,00;0,00;1,00;0,00;0,00;0,00
amor;0,00;0,00;1,00;0,00;0,00;0,00
ampolla;0,17;0,33;0,00;0,00;0,00;0,50
 ngel;0,00;0,00;0,50;0,00;0,00;0,50
angustiado;0,33;0,67;0,00;0,00;0,00;0,00
anhelo;1,00;0,00;0,00;0,00;0,00;0,00
 nimo;0,00;0,00;0,17;0,00;0,00;0,83
ansioso;0,17;0,00;0,17;0,17;0,00;0,50
aplastado;0,33;0,17;0,00;0,00;0,33;0,17
aplausos;0,00;0,00;1,00;0,00;0,00;0,00
aprender;0,00;0,00;0,33;0,17;0,00;0,50
aprobaci¢n;0,00;0,00;0,83;0,00;0,00;0,17
apuros;0,17;0,83;0,00;0,00;0,00;0,00
ara¤a;0,00;0,67;0,00;0,00;0,00;0,33
 rbol;0,00;0,00;0,17;0,00;0,00;0,83
arco-iris;0,00;0,00;0,67;0,00;0,17;0,17
arma;0,00;1,00;0,00;0,00;0,00;0,00
armario;0,00;0,00;0,00;0,00;0,00;1,00
arrepentido;1,00;0,00;0,00;0,00;0,00;0,00
arrogante;0,00;0,00;0,00;1,00;0,00;0,00
arte;0,00;0,00;0,33;0,00;0,17;0,50
as;0,00;0,00;0,33;0,00;0,00;0,67
ascensor;0,00;0,00;0,00;0,00;0,00;1,00
asediado;0,17;0,83;0,00;0,00;0,00;0,00
asesinar;0,17;0,83;0,00;0,00;0,00;0,00
asesino;0,00;1,00;0,00;0,00;0,00;0,00
asfixiarse;0,00;1,00;0,00;0,00;0,00;0,00
asiento;0,00;0,00;0,00;0,00;0,00;1,00
asombrado;0,00;0,00;0,00;0,00;1,00;0,00
 spero;0,17;0,00;0,00;0,00;0,00;0,83
asqueado;0,17;0,00;0,00;0,67;0,17;0,00
asqueroso;0,00;0,00;0,00;0,67;0,17;0,17
astronauta;0,00;0,00;0,00;0,00;0,00;1,00
asustado;0,00;1,00;0,00;0,00;0,00;0,00
ata£d;0,17;0,83;0,00;0,00;0,00;0,00
aterrorizado;0,00;1,00;0,00;0,00;0,00;0,00
 tico;0,00;0,00;0,00;0,00;0,00;1,00
atracador;0,00;0,83;0,00;0,00;0,17;0,00
atrevido;0,00;0,00;0,00;0,00;0,83;0,17
atrocidad;0,33;0,33;0,00;0,17;0,17;0,00
aurora;0,00;0,00;0,50;0,00;0,00;0,50
autob£s;0,00;0,00;0,00;0,00;0,00;1,00
avalancha;0,00;0,83;0,00;0,00;0,17;0,00
avaricia;0,50;0,00;0,00;0,33;0,00;0,17
avenida;0,00;0,00;0,00;0,00;0,00;1,00
aventura;0,00;0,00;0,33;0,00;0,50;0,17
avergonzado;1,00;0,00;0,00;0,00;0,00;0,00
avi¢n;0,00;0,00;0,00;0,00;0,00;1,00
avispa;0,00;0,67;0,00;0,00;0,00;0,33
az£car;0,00;0,00;0,17;0,00;0,00;0,83
azul;0,17;0,00;0,00;0,00;0,00;0,83
bailar¡n;0,00;0,00;0,50;0,00;0,00;0,50
bala;0,00;1,00;0,00;0,00;0,00;0,00
bancarrota;0,67;0,17;0,00;0,17;0,00;0,00
banco;0,00;0,00;0,00;0,00;0,00;1,00
bandera;0,00;0,00;0,00;0,00;0,00;1,00
ba¤era;0,00;0,00;0,17;0,00;0,00;0,83
ba¤o;0,00;0,00;0,00;0,00;0,00;1,00
bar;0,00;0,00;0,50;0,00;0,00;0,50
barco;0,00;0,00;0,17;0,00;0,00;0,83
barril;0,00;0,00;0,00;0,00;0,00;1,00
bastardo;0,17;0,00;0,00;0,83;0,00;0,00
basto;0,00;0,00;0,00;0,50;0,17;0,33
bast¢n;0,00;0,00;0,00;0,00;0,00;1,00
basura;0,50;0,00;0,00;0,17;0,00;0,33
beb‚;0,00;0,00;0,83;0,00;0,00;0,17
bebida;0,00;0,00;0,17;0,00;0,00;0,83
belleza;0,00;0,00;0,83;0,00;0,00;0,17
bendecir;0,00;0,00;0,67;0,00;0,00;0,33
beso;0,00;0,00;1,00;0,00;0,00;0,00
bestia;0,00;1,00;0,00;0,00;0,00;0,00
blanco;0,00;0,00;0,00;0,00;0,00;1,00
blasfemia;0,00;0,00;0,00;1,00;0,00;0,00
boda;0,00;0,00;1,00;0,00;0,00;0,00
bodega;0,00;0,00;0,17;0,00;0,00;0,83
bofetada;0,00;0,33;0,00;0,67;0,00;0,00
bomba;0,00;1,00;0,00;0,00;0,00;0,00
bombilla;0,00;0,00;0,17;0,00;0,00;0,83
botella;0,00;0,00;0,00;0,00;0,00;1,00
boxeador;0,00;0,67;0,00;0,00;0,00;0,33
brazo;0,00;0,00;0,00;0,00;0,00;1,00
brillante;0,00;0,00;0,83;0,00;0,00;0,17
br¡o;0,00;0,00;0,50;0,00;0,00;0,50
brisa;0,00;0,00;0,50;0,00;0,00;0,50
brutal;0,00;0,67;0,00;0,00;0,17;0,17
buceador;0,00;0,00;0,00;0,00;0,00;1,00
bueno;0,00;0,00;1,00;0,00;0,00;0,00
b£ho;0,00;0,00;0,17;0,00;0,00;0,83
bulto;0,00;0,00;0,00;0,00;0,00;1,00
burla;0,17;0,00;0,00;0,83;0,00;0,00
caballo;0,00;0,00;0,17;0,00;0,00;0,83
cable;0,00;0,00;0,00;0,00;0,00;1,00
cachorro;0,00;0,00;0,67;0,00;0,00;0,33
cad ver;0,33;0,67;0,00;0,00;0,00;0,00
ca¡da;0,33;0,33;0,00;0,00;0,33;0,00
calidad;0,00;0,00;0,83;0,00;0,00;0,17
callado;0,33;0,00;0,00;0,00;0,00;0,67
calle;0,00;0,00;0,00;0,00;0,00;1,00
callej¢n;0,00;0,50;0,00;0,00;0,00;0,50
calmar;0,17;0,00;0,17;0,00;0,00;0,67
calor;0,00;0,00;0,00;0,17;0,00;0,83
cama;0,00;0,00;0,50;0,00;0,00;0,50
cami¢n;0,00;0,00;0,00;0,00;0,00;1,00
campe¢n;0,00;0,00;1,00;0,00;0,00;0,00
campo;0,00;0,00;0,17;0,00;0,00;0,83
c ncer;0,50;0,50;0,00;0,00;0,00;0,00
canci¢n;0,00;0,00;0,67;0,00;0,00;0,33
cansado;0,67;0,00;0,00;0,00;0,00;0,33
ca¤¢n;0,00;0,67;0,00;0,00;0,00;0,33
caos;0,33;0,33;0,00;0,33;0,00;0,00
capaz;0,00;0,00;0,67;0,00;0,00;0,33
capricho;0,00;0,00;0,17;0,33;0,00;0,50
cara;0,00;0,00;0,00;0,00;0,00;1,00
caramelo;0,00;0,00;0,83;0,00;0,00;0,17
c rcel;0,33;0,67;0,00;0,00;0,00;0,00
caricia;0,00;0,00;1,00;0,00;0,00;0,00
cari¤oso;0,00;0,00;1,00;0,00;0,00;0,00
carretera;0,00;0,00;0,00;0,00;0,00;1,00
carro;0,00;0,00;0,00;0,00;0,00;1,00
carro¤a;0,17;0,00;0,00;0,33;0,00;0,50
carta;0,00;0,00;0,17;0,00;0,00;0,83
casa;0,00;0,00;0,17;0,00;0,00;0,83
cascada;0,00;0,00;0,17;0,00;0,00;0,83
casino;0,17;0,00;0,33;0,00;0,00;0,50
casita;0,00;0,00;0,17;0,00;0,00;0,83
castigo;0,33;0,33;0,00;0,33;0,00;0,00
celos;0,33;0,00;0,00;0,67;0,00;0,00
c‚lula;0,00;0,00;0,00;0,00;0,00;1,00
cementerio;0,33;0,67;0,00;0,00;0,00;0,00
cena;0,00;0,00;0,17;0,00;0,00;0,83
cerdo;0,17;0,00;0,17;0,17;0,00;0,50
c‚sped;0,00;0,00;0,17;0,00;0,00;0,83
cesta;0,00;0,00;0,00;0,00;0,00;1,00
chaleco;0,00;0,00;0,00;0,00;0,00;1,00
champi¤¢n;0,00;0,00;0,00;0,00;0,00;1,00
chantaje;0,00;0,17;0,00;0,83;0,00;0,00
chica;0,00;0,00;0,17;0,00;0,00;0,83
chico;0,00;0,00;0,00;0,00;0,00;1,00
chiflado;0,00;0,33;0,17;0,33;0,17;0,00
chillido;0,00;0,67;0,00;0,17;0,17;0,00
chiste;0,00;0,00;1,00;0,00;0,00;0,00
chocolate;0,00;0,00;0,50;0,00;0,00;0,50
choque;0,00;0,33;0,00;0,00;0,50;0,17
cicatriz;0,67;0,17;0,00;0,00;0,00;0,17
cicl¢n;0,00;1,00;0,00;0,00;0,00;0,00
ciego;0,67;0,00;0,00;0,00;0,00;0,33
cielo;0,00;0,00;0,50;0,00;0,00;0,50
ciempi‚s;0,00;0,17;0,00;0,00;0,00;0,83
cieno;0,17;0,33;0,00;0,00;0,00;0,50
circo;0,17;0,00;0,67;0,00;0,17;0,00
c¡rculo;0,00;0,00;0,00;0,00;0,00;1,00
cirug¡a;0,00;0,83;0,00;0,00;0,00;0,17
ciudad;0,00;0,00;0,00;0,00;0,00;1,00
cobarde;0,17;0,67;0,00;0,17;0,00;0,00
coche;0,00;0,00;0,00;0,00;0,00;1,00
cocina;0,00;0,00;0,17;0,00;0,00;0,83
cocinero;0,00;0,00;0,17;0,00;0,00;0,83
codo;0,00;0,00;0,00;0,00;0,00;1,00
coito;0,00;0,00;1,00;0,00;0,00;0,00
c¢lera;0,00;0,17;0,00;0,83;0,00;0,00
color;0,00;0,00;0,33;0,00;0,00;0,67
columna;0,00;0,00;0,00;0,00;0,00;1,00
comedia;0,00;0,00;1,00;0,00;0,00;0,00
comer;0,00;0,00;0,67;0,00;0,00;0,33
comida;0,00;0,00;0,33;0,00;0,00;0,67
comprometido;0,00;0,00;0,83;0,00;0,00;0,17
concentrado;0,00;0,00;0,00;0,00;0,00;1,00
conejito;0,00;0,00;0,17;0,00;0,00;0,83
conejo;0,00;0,00;0,17;0,00;0,00;0,83
confianza;0,00;0,00;0,83;0,00;0,00;0,17
confort;0,00;0,00;1,00;0,00;0,00;0,00
confuso;0,50;0,00;0,00;0,00;0,50;0,00
conocimiento;0,00;0,00;0,67;0,00;0,00;0,33
considerado;0,00;0,00;0,50;0,00;0,00;0,50
consigna;0,00;0,00;0,00;0,00;0,00;1,00
consolado;0,33;0,00;0,67;0,00;0,00;0,00
contaminar;0,67;0,00;0,00;0,33;0,00;0,00
contenido;0,00;0,00;0,00;0,00;0,00;1,00
contexto;0,00;0,00;0,00;0,00;0,00;1,00
convencido;0,00;0,00;0,00;0,00;0,00;1,00
coqueto;0,00;0,00;0,50;0,00;0,00;0,50
coraz¢n;0,00;0,00;0,50;0,00;0,00;0,50
corcho;0,00;0,00;0,00;0,00;0,00;1,00
cordero;0,00;0,00;0,17;0,00;0,00;0,83
corona;0,00;0,00;0,00;0,00;0,00;1,00
corredor;0,00;0,00;0,17;0,00;0,00;0,83
correo;0,00;0,00;0,00;0,00;0,00;1,00
corrupto;0,00;0,00;0,00;0,83;0,00;0,17
corte;0,00;0,33;0,00;0,00;0,00;0,67
cortes¡a;0,00;0,00;0,83;0,00;0,00;0,17
cortina;0,00;0,00;0,00;0,00;0,00;1,00
costa;0,00;0,00;0,17;0,00;0,00;0,83
costumbre;0,00;0,00;0,00;0,00;0,00;1,00
cotilleo;0,00;0,00;0,00;0,17;0,83;0,00
cr neo;0,00;0,17;0,00;0,00;0,00;0,83
crepe;0,00;0,00;0,17;0,00;0,00;0,83
crep£sculo;0,17;0,33;0,17;0,00;0,00;0,33
criatura;0,00;0,17;0,17;0,00;0,00;0,67
crimen;0,17;0,83;0,00;0,00;0,00;0,00
criminal;0,17;0,83;0,00;0,00;0,00;0,00
crisis;0,50;0,17;0,00;0,33;0,00;0,00
crucificar;0,50;0,50;0,00;0,00;0,00;0,00
cruel;0,17;0,50;0,00;0,33;0,00;0,00
cuadrado;0,00;0,00;0,00;0,00;0,00;1,00
cucaracha;0,00;1,00;0,00;0,00;0,00;0,00
cuchillo;0,00;0,83;0,00;0,00;0,00;0,17
cuenco;0,00;0,00;0,00;0,00;0,00;1,00
cuerpo;0,00;0,00;0,00;0,00;0,00;1,00
culpa;0,83;0,00;0,00;0,17;0,00;0,00
culpable;0,50;0,00;0,00;0,50;0,00;0,00
cumplea¤os;0,00;0,00;1,00;0,00;0,00;0,00
cura;0,00;0,00;0,67;0,00;0,00;0,33
curar;0,00;0,00;1,00;0,00;0,00;0,00
curioso;0,00;0,00;0,17;0,00;0,67;0,17
daga;0,00;1,00;0,00;0,00;0,00;0,00
da¤o;0,50;0,33;0,00;0,17;0,00;0,00
d‚bil;0,83;0,00;0,00;0,17;0,00;0,00
decepcionar;0,83;0,00;0,00;0,00;0,17;0,00
decorar;0,00;0,00;0,83;0,00;0,00;0,17
dedicado;0,00;0,00;0,33;0,00;0,00;0,67
dedo;0,00;0,00;0,00;0,00;0,00;1,00
defendido;0,00;0,00;0,83;0,00;0,00;0,17
deforme;0,50;0,50;0,00;0,00;0,00;0,00
deleite;0,00;0,00;1,00;0,00;0,00;0,00
delicado;0,00;0,00;0,17;0,17;0,00;0,67
demente;0,17;0,33;0,00;0,17;0,00;0,33
demonio;0,00;1,00;0,00;0,00;0,00;0,00
dentista;0,00;0,50;0,00;0,00;0,00;0,50
deportes;0,00;0,00;0,33;0,00;0,00;0,67
depresi¢n;1,00;0,00;0,00;0,00;0,00;0,00
deprimido;1,00;0,00;0,00;0,00;0,00;0,00
desagrado;0,67;0,00;0,00;0,33;0,00;0,00
desanimado;1,00;0,00;0,00;0,00;0,00;0,00
desastre;0,17;0,33;0,00;0,50;0,00;0,00
descanso;0,00;0,00;1,00;0,00;0,00;0,00
descomposici¢n;0,33;0,17;0,00;0,00;0,00;0,50
desd‚n;0,17;0,00;0,00;0,67;0,00;0,17
desde¤oso;0,17;0,00;0,00;0,67;0,00;0,17
desenfadado;0,00;0,00;0,83;0,00;0,00;0,17
deseo;0,00;0,00;0,50;0,00;0,17;0,33
desertor;0,33;0,17;0,00;0,33;0,00;0,17
desesperado;1,00;0,00;0,00;0,00;0,00;0,00
desleal;0,50;0,00;0,00;0,50;0,00;0,00
deslumbramiento;0,00;0,00;0,00;0,17;0,33;0,50
desnudo;0,00;0,00;0,00;0,00;0,00;1,00
desordenado;0,00;0,00;0,00;0,67;0,00;0,33
despedazar;0,00;0,67;0,00;0,17;0,00;0,17
desperdicio;0,67;0,00;0,00;0,17;0,00;0,17
despreciar;0,67;0,00;0,00;0,33;0,00;0,00
despreocupado;0,00;0,00;0,17;0,17;0,00;0,67
destrucci¢n;0,17;0,67;0,00;0,17;0,00;0,00
destruir;0,17;0,50;0,00;0,33;0,00;0,00
desventaja;0,67;0,00;0,00;0,17;0,00;0,17
desvestido;0,00;0,00;0,00;0,00;0,00;1,00
detalle;0,00;0,00;0,50;0,00;0,17;0,33
detestar;0,17;0,00;0,00;0,83;0,00;0,00
deuda;0,83;0,00;0,00;0,00;0,17;0,00
devoto;0,00;0,00;0,00;0,00;0,00;1,00
diablo;0,00;0,83;0,00;0,17;0,00;0,00
diamante;0,00;0,00;0,83;0,00;0,00;0,17
dicha;0,00;0,00;1,00;0,00;0,00;0,00
dificultar;0,17;0,00;0,00;0,83;0,00;0,00
digno;0,00;0,00;0,83;0,00;0,00;0,17
dinero;0,00;0,00;0,67;0,00;0,00;0,33
d¡os;0,00;0,17;0,50;0,00;0,00;0,33
diploma;0,00;0,00;0,83;0,00;0,00;0,17
disgustado;0,83;0,00;0,00;0,17;0,00;0,00
distante;0,67;0,00;0,00;0,00;0,00;0,33
disturbio;0,00;0,83;0,00;0,17;0,00;0,00
diversi¢n;0,00;0,00;1,00;0,00;0,00;0,00
divorcio;1,00;0,00;0,00;0,00;0,00;0,00
doctor;0,00;0,00;0,00;0,00;0,00;1,00
d¢lar;0,00;0,00;0,00;0,00;0,00;1,00
dolencia;0,83;0,17;0,00;0,00;0,00;0,00
dolor;0,83;0,17;0,00;0,00;0,00;0,00
dormir;0,00;0,00;0,50;0,00;0,00;0,50
duro;0,00;0,00;0,00;0,00;0,00;1,00
edificio;0,00;0,00;0,00;0,00;0,00;1,00
educaci¢n;0,00;0,00;0,50;0,00;0,00;0,50
efectivo;0,00;0,00;0,67;0,00;0,00;0,33
ego¡sta;0,50;0,00;0,00;0,50;0,00;0,00
ejecuci¢n;0,00;0,67;0,00;0,00;0,00;0,33
ejercicio;0,00;0,00;0,17;0,00;0,00;0,83
ej‚rcito;0,00;0,50;0,00;0,00;0,00;0,50
electrodom‚stico;0,00;0,00;0,00;0,00;0,00;1,00
elegante;0,00;0,00;0,67;0,00;0,00;0,33
empleo;0,00;0,00;0,33;0,00;0,00;0,67
enamorado;0,00;0,00;1,00;0,00;0,00;0,00
encanto;0,00;0,00;1,00;0,00;0,00;0,00
en‚rgico;0,00;0,00;0,67;0,00;0,00;0,33
enfadado;0,00;0,00;0,00;1,00;0,00;0,00
enfado;0,00;0,00;0,00;1,00;0,00;0,00
enfermedad;0,67;0,33;0,00;0,00;0,00;0,00
enfermera;0,00;0,00;0,17;0,00;0,00;0,83
enfermo;1,00;0,00;0,00;0,00;0,00;0,00
enfurecido;0,00;0,17;0,00;0,83;0,00;0,00
enga¤o;0,17;0,00;0,00;0,83;0,00;0,00
engre¡do;0,00;0,00;0,00;1,00;0,00;0,00
ensalada;0,00;0,00;0,17;0,00;0,00;0,83
entierro;1,00;0,00;0,00;0,00;0,00;0,00
entrometido;0,00;0,00;0,00;0,83;0,17;0,00
entusiasmo;0,00;0,00;1,00;0,00;0,00;0,00
er¢tico;0,00;0,00;0,67;0,00;0,00;0,33
error;0,50;0,00;0,00;0,33;0,00;0,17
erudito;0,00;0,00;0,17;0,00;0,00;0,83
esc ndalo;0,00;0,17;0,00;0,00;0,83;0,00
esc‚ptico;0,00;0,00;0,00;0,00;0,00;1,00
esclavo;1,00;0,00;0,00;0,00;0,00;0,00
esconder;0,00;0,00;0,00;0,00;0,17;0,83
escopeta;0,00;1,00;0,00;0,00;0,00;0,00
escorbuto;0,33;0,50;0,00;0,00;0,00;0,17
escoria;0,17;0,00;0,00;0,83;0,00;0,00
escorpi¢n;0,00;1,00;0,00;0,00;0,00;0,00
escritor;0,00;0,00;0,00;0,00;0,00;1,00
esfera;0,00;0,00;0,00;0,00;0,00;1,00
espacio;0,00;0,00;0,00;0,00;0,00;1,00
espantoso;0,17;0,50;0,00;0,17;0,00;0,17
esperanza;0,00;0,00;1,00;0,00;0,00;0,00
esperanzado;0,00;0,00;0,83;0,00;0,17;0,00
espina;0,00;0,67;0,00;0,00;0,00;0,33
esp¡ritu;0,00;0,33;0,00;0,00;0,00;0,67
esposa;0,00;0,00;0,33;0,00;0,00;0,67
esposo;0,00;0,00;0,33;0,00;0,00;0,67
espuma;0,00;0,00;0,00;0,00;0,00;1,00
esquina;0,00;0,00;0,00;0,00;0,00;1,00
estancado;0,50;0,00;0,00;0,00;0,00;0,50
estatua;0,00;0,00;0,00;0,00;0,00;1,00
esti‚rcol;0,00;0,00;0,00;0,00;0,00;1,00
est¢mago;0,00;0,00;0,00;0,00;0,00;1,00
estrella;0,00;0,00;0,83;0,00;0,00;0,17
estremecerse;0,00;0,67;0,00;0,00;0,33;0,00
estr‚s;0,33;0,00;0,00;0,50;0,00;0,17
estufa;0,00;0,00;0,00;0,00;0,00;1,00
est£pido;0,00;0,00;0,00;1,00;0,00;0,00
euf¢rico;0,00;0,00;1,00;0,00;0,00;0,00
excelencia;0,00;0,00;1,00;0,00;0,00;0,00
excitado;0,00;0,00;0,67;0,00;0,00;0,33
excusa;0,00;0,00;0,00;0,50;0,00;0,50
‚xito;0,00;0,00;1,00;0,00;0,00;0,00
exquisito;0,00;0,00;1,00;0,00;0,00;0,00
‚xtasis;0,00;0,00;1,00;0,00;0,00;0,00
exterior;0,00;0,00;0,17;0,00;0,00;0,83
extraordinario;0,00;0,00;1,00;0,00;0,00;0,00
extraterrestre;0,00;0,50;0,00;0,00;0,33;0,17
f cil;0,00;0,00;0,67;0,00;0,00;0,33
falso ;0,00;0,00;0,00;0,67;0,00;0,33
fama;0,00;0,00;0,50;0,00;0,00;0,50
fam‚lico;1,00;0,00;0,00;0,00;0,00;0,00
familia;0,00;0,00;1,00;0,00;0,00;0,00
famoso;0,00;0,00;0,00;0,00;0,00;1,00
fantas¡a;0,00;0,00;0,50;0,00;0,33;0,17
faro;0,00;0,00;0,00;0,00;0,00;1,00
farol;0,00;0,00;0,00;0,00;0,00;1,00
fascinar;0,00;0,00;0,67;0,00;0,33;0,00
fase;0,00;0,00;0,00;0,00;0,00;1,00
fastidiar;0,00;0,00;0,00;1,00;0,00;0,00
fatigado;0,50;0,00;0,00;0,00;0,00;0,50
favor;0,00;0,00;0,00;0,00;0,00;1,00
feliz;0,00;0,00;1,00;0,00;0,00;0,00
feo;0,50;0,00;0,00;0,00;0,00;0,50
festivo;0,00;0,00;1,00;0,00;0,00;0,00
f‚tido;0,00;0,00;0,00;0,67;0,00;0,33
fiebre;0,67;0,33;0,00;0,00;0,00;0,00
fiesta;0,00;0,00;1,00;0,00;0,00;0,00
firmamento;0,00;0,00;0,33;0,00;0,17;0,50
flem¢n;0,67;0,17;0,00;0,00;0,00;0,17
flexible;0,00;0,00;0,00;0,00;0,00;1,00
flor;0,00;0,00;0,83;0,00;0,00;0,17
florecer;0,00;0,00;1,00;0,00;0,00;0,00
fofo;0,17;0,00;0,00;0,17;0,00;0,67
folleto;0,00;0,00;0,00;0,00;0,00;1,00
foll¢n;0,00;0,17;0,00;0,17;0,50;0,17
fortuito;0,00;0,00;0,00;0,00;0,67;0,33
fracaso;0,83;0,00;0,00;0,17;0,00;0,00
fragancia;0,00;0,00;0,50;0,00;0,00;0,50
fraude;0,00;0,00;0,00;1,00;0,00;0,00
fr¡o;0,00;0,00;0,00;0,00;0,00;1,00
frustrado;0,50;0,00;0,00;0,50;0,00;0,00
fuego;0,00;0,33;0,00;0,00;0,00;0,67
fuerte;0,00;0,00;0,00;0,00;0,00;1,00
funeral;1,00;0,00;0,00;0,00;0,00;0,00
furcia;0,33;0,00;0,00;0,67;0,00;0,00
fusil;0,00;1,00;0,00;0,00;0,00;0,00
ganancias;0,00;0,00;0,83;0,00;0,00;0,17
ganar;0,00;0,00;1,00;0,00;0,00;0,00
gangrena;0,50;0,50;0,00;0,00;0,00;0,00
gatito;0,00;0,00;0,83;0,00;0,00;0,17
gato;0,00;0,00;0,17;0,00;0,00;0,83
g‚lido;0,33;0,33;0,00;0,00;0,00;0,33
g‚nero;0,00;0,00;0,00;0,00;0,00;1,00
generoso;0,00;0,00;1,00;0,00;0,00;0,00
genial;0,00;0,00;1,00;0,00;0,00;0,00
gente;0,00;0,00;0,17;0,00;0,00;0,83
g‚rmenes;0,00;0,83;0,00;0,00;0,00;0,17
gimnasta;0,00;0,00;0,17;0,00;0,00;0,83
glaciar;0,00;0,00;0,17;0,00;0,00;0,83
glamour;0,00;0,00;0,17;0,00;0,00;0,83
gloria;0,00;0,00;1,00;0,00;0,00;0,00
goce;0,00;0,00;1,00;0,00;0,00;0,00
golfista;0,00;0,00;0,17;0,00;0,00;0,83
golpe;0,17;0,33;0,00;0,50;0,00;0,00
gordo;0,17;0,00;0,00;0,00;0,00;0,83
graduado;0,00;0,00;0,83;0,00;0,00;0,17
granada;0,00;0,33;0,33;0,00;0,00;0,33
granja;0,00;0,00;0,50;0,00;0,00;0,50
grave;0,50;0,33;0,00;0,00;0,00;0,17
grito;0,00;0,67;0,00;0,17;0,17;0,00
grosero;0,00;0,00;0,00;1,00;0,00;0,00
guapa;0,00;0,00;1,00;0,00;0,00;0,00
guapo;0,00;0,00;1,00;0,00;0,00;0,00
guarder¡a;0,00;0,00;0,33;0,00;0,00;0,67
guerra;0,33;0,67;0,00;0,00;0,00;0,00
guillotina;0,00;1,00;0,00;0,00;0,00;0,00
gui¤o;0,00;0,00;0,83;0,00;0,17;0,00
gusano;0,00;0,00;0,00;0,17;0,00;0,83
habitante;0,00;0,00;0,00;0,00;0,00;1,00
h bito;0,00;0,00;0,00;0,00;0,00;1,00
halc¢n;0,00;0,00;0,17;0,00;0,00;0,83
hambriento;0,83;0,00;0,00;0,00;0,00;0,17
hamburguesa;0,00;0,00;0,00;0,00;0,00;1,00
harto;0,00;0,00;0,00;1,00;0,00;0,00
hast¡o;0,33;0,00;0,00;0,67;0,00;0,00
hedor;0,17;0,33;0,00;0,00;0,17;0,33
heno;0,00;0,00;0,00;0,00;0,00;1,00
heridas;0,67;0,17;0,00;0,00;0,00;0,17
herido;0,67;0,17;0,00;0,00;0,00;0,17
hermano;0,00;0,00;0,83;0,00;0,00;0,17
hermoso;0,00;0,00;0,83;0,00;0,00;0,17
hero¡na;0,00;0,00;0,33;0,00;0,00;0,67
herramienta;0,00;0,00;0,00;0,00;0,00;1,00
hervir;0,00;0,17;0,00;0,00;0,00;0,83
hierro;0,00;0,17;0,00;0,00;0,00;0,83
historia;0,00;0,00;0,00;0,00;0,00;1,00
hogar;0,00;0,00;0,83;0,00;0,00;0,17
hombre;0,00;0,00;0,00;0,00;0,00;1,00
homicida;0,00;0,83;0,00;0,17;0,00;0,00
honesto;0,00;0,00;1,00;0,00;0,00;0,00
hongo;0,00;0,00;0,00;0,00;0,00;1,00
honor;0,00;0,00;0,83;0,00;0,00;0,17
hornear;0,00;0,00;0,17;0,00;0,00;0,83
horquilla;0,00;0,00;0,00;0,00;0,00;1,00
horror;0,00;1,00;0,00;0,00;0,00;0,00
hospital;0,17;0,50;0,00;0,00;0,00;0,33
hostil;0,00;0,17;0,00;0,83;0,00;0,00
hotel;0,00;0,00;0,00;0,00;0,00;1,00
huevo;0,00;0,00;0,17;0,00;0,00;0,83
humano;0,00;0,00;0,00;0,00;0,00;1,00
humilde;0,00;0,00;0,00;0,00;0,00;1,00
humillar;0,33;0,00;0,00;0,67;0,00;0,00
humor;0,00;0,00;1,00;0,00;0,00;0,00
hurac n;0,00;1,00;0,00;0,00;0,00;0,00
idea;0,00;0,00;0,33;0,00;0,17;0,50
identidad;0,00;0,00;0,00;0,00;0,00;1,00
idiota;0,00;0,00;0,00;1,00;0,00;0,00
¡dolo;0,00;0,00;0,50;0,00;0,00;0,50
iglesia;0,00;0,00;0,17;0,00;0,00;0,83
ignorancia;0,67;0,00;0,00;0,17;0,00;0,17
imaginar;0,00;0,00;0,50;0,00;0,17;0,33
imparcial;0,00;0,00;0,00;0,17;0,00;0,83
impotente;0,33;0,00;0,00;0,50;0,00;0,17
impresionado;0,00;0,00;0,00;0,00;1,00;0,00
incentivo;0,00;0,00;0,67;0,00;0,00;0,33
incomodidad;0,67;0,00;0,00;0,33;0,00;0,00
incordio;0,00;0,00;0,00;1,00;0,00;0,00
indefenso;0,33;0,50;0,00;0,17;0,00;0,00
indiferente;0,00;0,00;0,00;0,17;0,00;0,83
industria;0,00;0,00;0,00;0,00;0,00;1,00
infecci¢n;0,33;0,67;0,00;0,00;0,00;0,00
infeliz;1,00;0,00;0,00;0,00;0,00;0,00
inferior;0,33;0,00;0,00;0,17;0,00;0,50
infiel;0,33;0,00;0,00;0,67;0,00;0,00
infierno;0,00;1,00;0,00;0,00;0,00;0,00
ingenio;0,00;0,00;0,50;0,00;0,17;0,33
inmaduro;0,00;0,00;0,00;0,67;0,00;0,33
inmoral;0,00;0,00;0,00;1,00;0,00;0,00
inocente;0,00;0,00;0,50;0,00;0,00;0,50
inquieto;0,00;0,33;0,17;0,00;0,00;0,50
insecto;0,00;0,17;0,00;0,00;0,00;0,83
inseguro;0,67;0,33;0,00;0,00;0,00;0,00
insolente;0,00;0,00;0,00;1,00;0,00;0,00
inspirado;0,00;0,00;0,50;0,00;0,00;0,50
inspirar;0,00;0,00;0,17;0,00;0,00;0,83
insulto;0,00;0,00;0,00;1,00;0,00;0,00
intelecto;0,00;0,00;0,50;0,00;0,00;0,50
inter‚s;0,00;0,00;0,33;0,00;0,17;0,50
¡ntimo;0,00;0,00;0,50;0,00;0,00;0,50
intruso;0,00;0,67;0,00;0,17;0,17;0,00
inundaci¢n;0,17;0,83;0,00;0,00;0,00;0,00
in£til;0,33;0,00;0,00;0,67;0,00;0,00
invasor;0,00;0,67;0,00;0,33;0,00;0,00
invertir;0,00;0,00;0,17;0,00;0,00;0,83
invitaci¢n;0,00;0,00;1,00;0,00;0,00;0,00
irritar;0,00;0,00;0,00;1,00;0,00;0,00
jaqueca;1,00;0,00;0,00;0,00;0,00;0,00
jard¡n;0,00;0,00;0,33;0,00;0,00;0,67
jarra;0,00;0,00;0,00;0,00;0,00;1,00
joven;0,00;0,00;0,50;0,00;0,00;0,50
jovial;0,00;0,00;1,00;0,00;0,00;0,00
joya;0,00;0,00;0,67;0,00;0,00;0,33
j£bilo;0,00;0,00;1,00;0,00;0,00;0,00
jubiloso;0,00;0,00;1,00;0,00;0,00;0,00
juego;0,00;0,00;1,00;0,00;0,00;0,00
juguete;0,00;0,00;1,00;0,00;0,00;0,00
justicia;0,00;0,00;0,67;0,00;0,00;0,33
juventud;0,00;0,00;0,67;0,00;0,00;0,33
ketchup;0,00;0,00;0,00;0,00;0,00;1,00
ladr¢n;0,00;0,83;0,00;0,17;0,00;0,00
lago;0,00;0,00;0,00;0,00;0,00;1,00
l mpara;0,00;0,00;0,17;0,00;0,00;0,83
l nguido;1,00;0,00;0,00;0,00;0,00;0,00
l piz;0,00;0,00;0,00;0,00;0,00;1,00
l stima;1,00;0,00;0,00;0,00;0,00;0,00
lavabo;0,00;0,00;0,00;0,00;0,00;1,00
leal;0,00;0,00;0,83;0,00;0,00;0,17
leche;0,00;0,00;0,00;0,00;0,00;1,00
lento;0,17;0,00;0,00;0,33;0,00;0,50
le¢n;0,00;0,67;0,00;0,00;0,00;0,33
lepra;0,17;0,83;0,00;0,00;0,00;0,00
lesbiana;0,00;0,00;0,00;0,00;0,00;1,00
lesi¢n;0,17;0,50;0,00;0,00;0,00;0,33
leyenda;0,00;0,17;0,17;0,00;0,00;0,67
liberaci¢n;0,00;0,00;1,00;0,00;0,00;0,00
libertad;0,00;0,00;1,00;0,00;0,00;0,00
libre;0,00;0,00;1,00;0,00;0,00;0,00
libro;0,00;0,00;0,17;0,00;0,00;0,83
licenciado;0,00;0,00;0,67;0,00;0,00;0,33
l¡der;0,00;0,17;0,17;0,00;0,00;0,67
liga;0,00;0,00;0,00;0,00;0,00;1,00
linterna;0,00;0,00;0,00;0,00;0,00;1,00
liso;0,00;0,00;0,00;0,00;0,00;1,00
litro;0,00;0,00;0,00;0,00;0,00;1,00
llano;0,00;0,00;0,00;0,00;0,00;1,00
llave;0,00;0,00;0,00;0,00;0,00;1,00
lloriqueo;1,00;0,00;0,00;0,00;0,00;0,00
lluvia;0,00;0,00;0,17;0,00;0,00;0,83
l¢brego;0,00;1,00;0,00;0,00;0,00;0,00
loco;0,17;0,83;0,00;0,00;0,00;0,00
logro;0,00;0,00;1,00;0,00;0,00;0,00
loter¡a;0,00;0,00;0,67;0,00;0,17;0,17
lucha;0,00;0,50;0,00;0,50;0,00;0,00
lujo;0,00;0,00;0,67;0,00;0,00;0,33
lujuria;0,00;0,00;0,33;0,33;0,00;0,33
madre;0,00;0,00;0,50;0,00;0,00;0,50
maestro;0,00;0,00;0,17;0,00;0,00;0,83
magdalena;0,00;0,00;0,00;0,00;0,00;1,00
m gico;0,00;0,00;0,67;0,00;0,33;0,00
magistral;0,00;0,00;0,50;0,00;0,00;0,50
malaria;0,67;0,33;0,00;0,00;0,00;0,00
maleducado;0,00;0,00;0,00;1,00;0,00;0,00
maletero;0,00;0,00;0,00;0,00;0,00;1,00
malicia;0,17;0,00;0,00;0,83;0,00;0,00
maltrato;0,17;0,17;0,00;0,67;0,00;0,00
malvado;0,17;0,33;0,00;0,50;0,00;0,00
manera;0,00;0,00;0,00;0,00;0,00;1,00
manguera;0,00;0,00;0,00;0,00;0,00;1,00
man¡aco;0,00;1,00;0,00;0,00;0,00;0,00
maniqu¡;0,00;0,00;0,00;0,00;0,00;1,00
mano;0,00;0,00;0,00;0,00;0,00;1,00
manosear;0,00;0,00;0,00;0,50;0,00;0,50
manso;0,00;0,00;0,00;0,00;0,00;1,00
mantequilla;0,00;0,00;0,00;0,00;0,00;1,00
m quina;0,00;0,00;0,00;0,00;0,00;1,00
maquinilla;0,00;0,00;0,00;0,00;0,00;1,00
maravilla;0,00;0,00;0,83;0,00;0,17;0,00
mareado;0,67;0,33;0,00;0,00;0,00;0,00
mariposa;0,00;0,00;0,17;0,00;0,00;0,83
mariquita;0,00;0,00;0,17;0,00;0,00;0,83
martillo;0,00;0,17;0,00;0,00;0,00;0,83
masacre;0,33;0,50;0,00;0,17;0,00;0,00
mascota;0,00;0,00;0,67;0,00;0,00;0,33
masturbarse;0,00;0,00;0,17;0,00;0,00;0,83
matanza;0,33;0,67;0,00;0,00;0,00;0,00
material;0,00;0,00;0,00;0,00;0,00;1,00
medicina;0,00;0,00;0,33;0,00;0,00;0,67
mejorar;0,00;0,00;1,00;0,00;0,00;0,00
melod¡a;0,00;0,00;0,67;0,00;0,00;0,33
memoria;0,00;0,00;0,00;0,00;0,00;1,00
mendigo;1,00;0,00;0,00;0,00;0,00;0,00
menosprecio;0,17;0,00;0,00;0,83;0,00;0,00
mente;0,00;0,00;0,00;0,00;0,00;1,00
mentira;0,00;0,00;0,00;1,00;0,00;0,00
ment¢n;0,00;0,00;0,00;0,00;0,00;1,00
mercado;0,00;0,00;0,00;0,00;0,00;1,00
mermelada;0,00;0,00;0,17;0,00;0,00;0,83
mes;0,00;0,00;0,00;0,00;0,00;1,00
mesa;0,00;0,00;0,00;0,00;0,00;1,00
metal;0,00;0,00;0,00;0,00;0,00;1,00
m‚todo;0,00;0,00;0,00;0,00;0,00;1,00
miedoso;0,00;1,00;0,00;0,00;0,00;0,00
miel;0,00;0,00;0,17;0,00;0,00;0,83
milagro;0,00;0,00;0,50;0,00;0,50;0,00
millonario;0,00;0,00;0,50;0,00;0,00;0,50
miseria;1,00;0,00;0,00;0,00;0,00;0,00
m¡stico;0,00;0,00;0,17;0,00;0,17;0,67
modesto;0,00;0,00;0,33;0,00;0,00;0,67
moho;0,17;0,17;0,00;0,17;0,00;0,50
molde;0,00;0,00;0,00;0,00;0,00;1,00
molestar;0,00;0,00;0,00;1,00;0,00;0,00
molestia;0,00;0,00;0,00;1,00;0,00;0,00
molino;0,00;0,00;0,00;0,00;0,00;1,00
momento;0,00;0,00;0,00;0,00;0,00;1,00
moneda;0,00;0,00;0,00;0,00;0,00;1,00
monja;0,00;0,00;0,00;0,00;0,00;1,00
mono;0,00;0,00;0,00;0,00;0,00;1,00
monta¤a;0,00;0,00;0,17;0,00;0,00;0,83
moral;0,00;0,00;0,00;0,00;0,00;1,00
morboso;0,17;0,00;0,00;0,67;0,17;0,00
morgue;0,67;0,33;0,00;0,00;0,00;0,00
mosquito;0,00;0,17;0,00;0,17;0,00;0,67
motor;0,00;0,00;0,00;0,00;0,00;1,00
movilidad;0,00;0,00;0,00;0,00;0,00;1,00
mucosidad;0,17;0,00;0,00;0,00;0,00;0,83
mueca;0,00;0,00;0,17;0,33;0,17;0,33
muerte;0,83;0,17;0,00;0,00;0,00;0,00
muerto;0,67;0,33;0,00;0,00;0,00;0,00
mugre;0,00;0,00;0,00;0,67;0,00;0,33
mujer;0,00;0,00;0,17;0,00;0,00;0,83
muleta;0,33;0,00;0,00;0,00;0,00;0,67
multa;0,00;0,00;0,00;0,83;0,00;0,17
mundo;0,00;0,00;0,00;0,00;0,00;1,00
mu¤eca;0,00;0,00;0,17;0,00;0,00;0,83
musculoso;0,00;0,00;0,00;0,00;0,00;1,00
museo;0,00;0,00;0,00;0,00;0,00;1,00
m£sica;0,00;0,00;0,67;0,00;0,00;0,33
mutaci¢n;0,00;0,17;0,00;0,00;0,50;0,33
mutilar;0,33;0,50;0,00;0,17;0,00;0,00
nadador;0,00;0,00;0,00;0,00;0,00;1,00
narc¢tico;0,17;0,50;0,00;0,00;0,00;0,33
natural;0,00;0,00;0,00;0,00;0,00;1,00
naturaleza;0,00;0,00;0,50;0,00;0,00;0,50
navidad;0,00;0,00;1,00;0,00;0,00;0,00
n‚ctar;0,00;0,00;0,00;0,00;0,00;1,00
negligencia;0,00;0,00;0,00;1,00;0,00;0,00
negro;0,00;0,00;0,00;0,00;0,00;1,00
nene;0,00;0,00;0,00;0,00;0,00;1,00
nervioso;0,17;0,33;0,00;0,17;0,17;0,17
neur¢tico;0,17;0,33;0,00;0,17;0,00;0,33
nevera;0,00;0,00;0,00;0,00;0,00;1,00
nieve;0,00;0,00;0,00;0,00;0,00;1,00
ni¤o;0,00;0,00;0,17;0,00;0,00;0,83
nombre;0,00;0,00;0,00;0,00;0,00;1,00
noticias;0,00;0,00;0,00;0,00;0,33;0,67
novia;0,00;0,00;0,67;0,00;0,00;0,33
novio;0,00;0,00;0,67;0,00;0,00;0,33
nubes;0,00;0,00;0,00;0,00;0,00;1,00
nublado;0,50;0,17;0,00;0,00;0,00;0,33
nudo;0,00;0,00;0,00;0,00;0,00;1,00
nutrir;0,00;0,00;0,33;0,00;0,00;0,67
obedecer;0,00;0,17;0,33;0,17;0,00;0,33
obesidad;0,67;0,00;0,00;0,00;0,00;0,33
obsceno;0,00;0,00;0,00;1,00;0,00;0,00
obsequio;0,00;0,00;0,67;0,00;0,33;0,00
obsesi¢n;0,00;1,00;0,00;0,00;0,00;0,00
ocaso;0,33;0,00;0,00;0,00;0,00;0,67
oc‚ano;0,00;0,00;0,00;0,00;0,00;1,00
odiar;0,00;0,00;0,00;1,00;0,00;0,00
odio;0,00;0,00;0,00;1,00;0,00;0,00
ofender;0,17;0,00;0,00;0,83;0,00;0,00
oficina;0,17;0,00;0,00;0,00;0,00;0,83
olla;0,00;0,00;0,00;0,00;0,00;1,00
opci¢n;0,00;0,00;0,00;0,00;0,00;1,00
opini¢n;0,00;0,00;0,00;0,00;0,00;1,00
oportunidad;0,00;0,00;0,67;0,00;0,17;0,17
optimismo;0,00;0,00;1,00;0,00;0,00;0,00
ordenado;0,00;0,00;0,33;0,00;0,00;0,67
ordenador;0,00;0,00;0,00;0,00;0,00;1,00
orgasmo;0,00;0,00;1,00;0,00;0,00;0,00
orgullo;0,00;0,00;0,50;0,00;0,00;0,50
orgulloso;0,00;0,00;0,83;0,17;0,00;0,00
orina;0,00;0,00;0,00;0,00;0,00;1,00
oro;0,00;0,00;0,33;0,00;0,00;0,67
orquesta;0,00;0,00;0,50;0,00;0,00;0,50
oscuro;0,17;0,50;0,00;0,00;0,00;0,33
oto¤o;0,17;0,00;0,17;0,00;0,00;0,67
oxidado;0,17;0,00;0,00;0,00;0,00;0,83
paciente;0,17;0,00;0,00;0,00;0,00;0,83
padre;0,00;0,00;0,17;0,00;0,00;0,83
p jaro;0,00;0,00;0,50;0,00;0,00;0,50
palacio;0,00;0,00;0,17;0,00;0,00;0,83
paloma;0,00;0,00;0,17;0,00;0,00;0,83
pancarta;0,00;0,00;0,00;0,17;0,00;0,83
p nico;0,00;1,00;0,00;0,00;0,00;0,00
pantano;0,00;0,00;0,00;0,00;0,00;1,00
pa¤uelo;0,00;0,00;0,00;0,00;0,00;1,00
papel;0,00;0,00;0,00;0,00;0,00;1,00
paraguas;0,00;0,00;0,00;0,00;0,00;1,00
para¡so;0,00;0,00;1,00;0,00;0,00;0,00
par lisis;0,67;0,33;0,00;0,00;0,00;0,00
pareja;0,00;0,00;0,83;0,00;0,00;0,17
parte;0,00;0,00;0,00;0,00;0,00;1,00
pasaje;0,00;0,00;0,00;0,00;0,00;1,00
pasillo;0,00;0,00;0,00;0,00;0,00;1,00
pasi¢n;0,00;0,00;1,00;0,00;0,00;0,00
pasta;0,00;0,00;0,00;0,00;0,00;1,00
pastel;0,00;0,00;0,33;0,00;0,00;0,67
patente;0,00;0,00;0,00;0,00;0,00;1,00
patriota;0,00;0,00;0,00;0,00;0,00;1,00
pausado;0,00;0,00;0,00;0,00;0,00;1,00
paz;0,00;0,00;0,83;0,00;0,00;0,17
pecado;0,17;0,00;0,00;0,50;0,00;0,33
pecaminoso;0,17;0,00;0,00;0,50;0,00;0,33
pel¡cula;0,00;0,00;0,00;0,00;0,00;1,00
peligro;0,00;1,00;0,00;0,00;0,00;0,00
pellizco;0,00;0,00;0,00;0,50;0,50;0,00
pena;1,00;0,00;0,00;0,00;0,00;0,00
pene;0,00;0,00;0,00;0,00;0,00;1,00
penoso;1,00;0,00;0,00;0,00;0,00;0,00
pensamiento;0,00;0,00;0,00;0,00;0,00;1,00
perdedor;1,00;0,00;0,00;0,00;0,00;0,00
perdido;0,67;0,33;0,00;0,00;0,00;0,00
perezoso;0,17;0,00;0,00;0,67;0,00;0,17
perfecci¢n;0,00;0,00;0,67;0,00;0,00;0,33
perfume;0,00;0,00;0,50;0,00;0,00;0,50
perro;0,00;0,00;0,50;0,00;0,00;0,50
persona;0,00;0,00;0,00;0,00;0,00;1,00
perverso;0,00;0,50;0,00;0,50;0,00;0,00
pervertido;0,00;0,17;0,00;0,67;0,00;0,17
pesadilla;0,00;1,00;0,00;0,00;0,00;0,00
pesar;0,67;0,00;0,00;0,00;0,00;0,33
pesaroso;1,00;0,00;0,00;0,00;0,00;0,00
pescado;0,00;0,00;0,00;0,00;0,00;1,00
pesimismo;0,83;0,00;0,00;0,00;0,00;0,17
peste;0,00;0,17;0,00;0,67;0,00;0,17
pez¢n;0,00;0,00;0,00;0,00;0,00;1,00
pie;0,00;0,00;0,00;0,00;0,00;1,00
piel;0,00;0,00;0,00;0,00;0,00;1,00
pieza;0,00;0,00;0,00;0,00;0,00;1,00
pinchazo;0,00;0,17;0,00;0,17;0,50;0,17
pintura;0,00;0,00;0,00;0,00;0,00;1,00
piojo;0,00;0,50;0,00;0,17;0,00;0,33
piojos;0,00;0,50;0,00;0,17;0,00;0,33
pirotecnia;0,00;0,50;0,17;0,00;0,17;0,17
pistola;0,00;1,00;0,00;0,00;0,00;0,00
pit¢n;0,00;1,00;0,00;0,00;0,00;0,00
pizza;0,00;0,00;0,00;0,00;0,00;1,00
placer;0,00;0,00;1,00;0,00;0,00;0,00
planta;0,00;0,00;0,50;0,00;0,00;0,50
playa;0,00;0,00;0,50;0,00;0,00;0,50
pleito;0,00;0,00;0,00;1,00;0,00;0,00
pobreza;1,00;0,00;0,00;0,00;0,00;0,00
poder;0,00;0,33;0,33;0,00;0,00;0,33
poderoso;0,00;0,33;0,33;0,00;0,00;0,33
podrido;0,33;0,00;0,00;0,33;0,00;0,33
poes¡a;0,00;0,00;0,50;0,00;0,00;0,50
ponzo¤a;0,00;1,00;0,00;0,00;0,00;0,00
porquer¡a;0,00;0,00;0,00;0,67;0,00;0,33
p¢ster;0,00;0,00;0,00;0,00;0,00;1,00
pradera;0,00;0,00;0,50;0,00;0,00;0,50
precipicio;0,00;0,83;0,00;0,00;0,00;0,17
predominante;0,00;0,00;0,00;0,00;0,00;1,00
prenda;0,00;0,00;0,00;0,00;0,00;1,00
presi¢n;0,00;0,00;0,00;0,50;0,00;0,50
prestigio;0,00;0,00;1,00;0,00;0,00;0,00
primavera;0,00;0,00;0,50;0,00;0,00;0,50
prisi¢n;0,17;0,83;0,00;0,00;0,00;0,00
privacidad;0,00;0,00;0,00;0,00;0,00;1,00
problema;0,33;0,67;0,00;0,00;0,00;0,00
progreso;0,00;0,00;0,67;0,00;0,00;0,33
promoci¢n;0,00;0,00;1,00;0,00;0,00;0,00
protegido;0,00;0,00;0,83;0,00;0,00;0,17
publicaci¢n;0,00;0,00;0,00;0,00;0,00;1,00
pueblo;0,00;0,00;0,00;0,00;0,00;1,00
puerta;0,00;0,00;0,00;0,00;0,00;1,00
puntapi‚;0,00;0,00;0,00;0,33;0,17;0,50
pus;0,00;0,50;0,00;0,00;0,00;0,50
puta;0,00;0,00;0,00;0,67;0,00;0,33
putrefacto;0,00;0,33;0,00;0,50;0,00;0,17
queja;0,17;0,00;0,00;0,83;0,00;0,00
quemadura;0,17;0,67;0,00;0,00;0,17;0,00
queroseno;0,00;0,50;0,00;0,00;0,00;0,50
rabia;0,00;0,00;0,00;1,00;0,00;0,00
radiador;0,00;0,00;0,00;0,00;0,00;1,00
radiante;0,00;0,00;0,67;0,00;0,00;0,33
radio;0,00;0,00;0,00;0,00;0,00;1,00
ramo;0,00;0,00;0,17;0,00;0,00;0,83
rana;0,00;0,00;0,00;0,00;0,00;1,00
rancio;0,00;0,00;0,00;0,50;0,00;0,50
r pido;0,00;0,00;0,17;0,00;0,00;0,83
rapto;0,00;0,67;0,00;0,17;0,00;0,17
raro;0,00;0,00;0,00;0,00;0,50;0,50
rascacielos;0,00;0,00;0,00;0,00;0,00;1,00
rata;0,00;0,33;0,00;0,00;0,00;0,67
rebelde;0,00;0,17;0,00;0,33;0,17;0,33
recado;0,00;0,00;0,00;0,00;0,00;1,00
rechazado;0,83;0,00;0,00;0,17;0,00;0,00
recogedor;0,00;0,00;0,00;0,00;0,00;1,00
recompensa;0,00;0,00;1,00;0,00;0,00;0,00
reconocido;0,00;0,00;0,67;0,00;0,00;0,33
recuerdos;0,00;0,00;0,33;0,00;0,00;0,67
refrigerio;0,00;0,00;0,00;0,00;0,00;1,00
regalo;0,00;0,00;1,00;0,00;0,00;0,00
reh‚n;0,00;0,83;0,00;0,17;0,00;0,00
reina;0,00;0,00;0,00;0,00;0,00;1,00
relajado;0,00;0,00;0,33;0,00;0,00;0,67
rel mpago;0,00;0,50;0,00;0,00;0,33;0,17
reloj;0,00;0,00;0,00;0,00;0,00;1,00
repisa;0,00;0,00;0,00;0,00;0,00;1,00
reptil;0,00;0,17;0,00;0,00;0,00;0,83
repugnante;0,00;0,00;0,00;0,67;0,00;0,33
rescate;0,00;0,00;0,67;0,00;0,00;0,33
resentirse;0,50;0,00;0,00;0,50;0,00;0,00
reservado;0,00;0,00;0,00;0,00;0,00;1,00
respeto;0,00;0,00;0,50;0,00;0,00;0,50
respetuoso;0,00;0,00;0,50;0,00;0,00;0,50
respuesta;0,00;0,00;0,00;0,00;0,00;1,00
restaurante;0,00;0,00;0,00;0,00;0,00;1,00
retrasado;0,33;0,00;0,00;0,17;0,00;0,50
reuni¢n;0,00;0,00;0,00;0,00;0,00;1,00
reverente;0,00;0,00;0,00;0,00;0,00;1,00
rev¢lver;0,00;1,00;0,00;0,00;0,00;0,00
revuelta;0,00;0,33;0,00;0,33;0,17;0,17
rey;0,00;0,00;0,00;0,00;0,00;1,00
rifle;0,00;1,00;0,00;0,00;0,00;0,00
r¡gido;0,00;0,00;0,00;0,17;0,00;0,83
ri¤a;0,00;0,17;0,00;0,83;0,00;0,00
r¡o;0,00;0,00;0,00;0,00;0,00;1,00
riqueza;0,00;0,00;0,67;0,00;0,00;0,33
risa;0,00;0,00;1,00;0,00;0,00;0,00
roca;0,00;0,00;0,00;0,00;0,00;1,00
rojo;0,00;0,00;0,17;0,33;0,00;0,50
rom ntico;0,00;0,00;1,00;0,00;0,00;0,00
ro¤a;0,17;0,00;0,00;0,50;0,00;0,33
ropa;0,00;0,00;0,00;0,00;0,00;1,00
roto;0,67;0,00;0,00;0,33;0,00;0,00
rubio;0,00;0,00;0,00;0,00;0,00;1,00
ruidoso;0,00;0,00;0,00;0,50;0,33;0,17
sabio;0,00;0,00;0,50;0,00;0,00;0,50
sabor;0,00;0,00;0,00;0,00;0,00;1,00
salud  ;0,00;0,00;0,67;0,00;0,00;0,33
saludar;0,00;0,00;0,33;0,00;0,00;0,67
saludo;0,00;0,00;0,33;0,00;0,00;0,67
salvador;0,00;0,00;0,83;0,00;0,00;0,17
sangriento;0,00;1,00;0,00;0,00;0,00;0,00
santo;0,00;0,00;0,17;0,00;0,00;0,83
sarampi¢n;0,50;0,50;0,00;0,00;0,00;0,00
satisfecho;0,00;0,00;1,00;0,00;0,00;0,00
secador;0,00;0,00;0,00;0,00;0,00;1,00
seda;0,00;0,00;0,00;0,00;0,00;1,00
seguro;0,00;0,00;0,50;0,00;0,00;0,50
seno;0,00;0,00;0,00;0,00;0,00;1,00
sentimiento;0,00;0,00;0,00;0,00;0,17;0,83
serio;0,00;0,17;0,00;0,33;0,00;0,50
serpiente;0,00;0,50;0,00;0,00;0,00;0,50
sexo;0,00;0,00;0,33;0,00;0,00;0,67
sexy;0,00;0,00;0,50;0,00;0,00;0,50
s¡filis;0,33;0,67;0,00;0,00;0,00;0,00
silbato;0,00;0,00;0,17;0,00;0,00;0,83
silla;0,00;0,00;0,00;0,00;0,00;1,00
simp tico;0,00;0,00;1,00;0,00;0,00;0,00
snob;0,00;0,00;0,00;0,67;0,17;0,17
sobrecogido;0,17;0,50;0,00;0,00;0,33;0,00
sobresaltado;0,00;0,00;0,00;0,00;1,00;0,00
sociable;0,00;0,00;0,50;0,00;0,00;0,50
soga;0,00;0,50;0,00;0,00;0,00;0,50
sol;0,00;0,00;0,50;0,00;0,00;0,50
soleado;0,00;0,00;0,67;0,00;0,00;0,33
soledad;1,00;0,00;0,00;0,00;0,00;0,00
solemne;0,00;0,00;0,00;0,00;0,00;1,00
solitario;0,67;0,00;0,00;0,00;0,00;0,33
solo;0,67;0,00;0,00;0,00;0,00;0,33
sombra;0,00;0,17;0,00;0,00;0,00;0,83
sombrero;0,00;0,00;0,00;0,00;0,00;1,00
sonajero;0,00;0,00;0,50;0,00;0,00;0,50
sorprendido;0,00;0,00;0,00;0,00;1,00;0,00
soso;0,17;0,00;0,00;0,00;0,00;0,83
sospechoso;0,00;0,50;0,00;0,17;0,17;0,17
spray;0,00;0,00;0,00;0,00;0,00;1,00
suave;0,00;0,00;0,33;0,00;0,00;0,67
suburbio;0,17;0,17;0,00;0,00;0,00;0,67
suciedad;0,00;0,00;0,00;0,67;0,00;0,33
sucio;0,00;0,00;0,00;0,67;0,00;0,33
sue¤o;0,00;0,00;0,00;0,00;0,00;1,00
suicidio;0,67;0,33;0,00;0,00;0,00;0,00
sustento;0,00;0,00;0,00;0,00;0,00;1,00
tabaco;0,00;0,00;0,00;0,17;0,00;0,83
tablero;0,00;0,00;0,00;0,00;0,00;1,00
taburete;0,00;0,00;0,00;0,00;0,00;1,00
talento;0,00;0,00;0,83;0,00;0,00;0,17
tanque;0,00;0,50;0,00;0,00;0,00;0,50
tarta;0,00;0,00;0,50;0,00;0,00;0,50
taxi;0,00;0,00;0,00;0,00;0,00;1,00
tela;0,00;0,00;0,00;0,00;0,00;1,00
temeroso;0,00;1,00;0,00;0,00;0,00;0,00
temor;0,00;1,00;0,00;0,00;0,00;0,00
temperamental;0,00;0,00;0,00;1,00;0,00;0,00
tenedor;0,00;0,00;0,00;0,00;0,00;1,00
tenis;0,00;0,00;0,00;0,00;0,00;1,00
tenso;0,00;0,67;0,00;0,00;0,00;0,33
tenue;0,00;0,00;0,00;0,00;0,00;1,00
teor¡a;0,00;0,00;0,00;0,00;0,00;1,00
termita;0,00;0,00;0,00;0,00;0,00;1,00
term¢metro;0,00;0,00;0,00;0,00;0,00;1,00
terrible;0,00;0,83;0,00;0,17;0,00;0,00
terrorista;0,00;1,00;0,00;0,00;0,00;0,00
tesoro;0,00;0,00;0,67;0,00;0,00;0,33
tibur¢n;0,00;0,83;0,00;0,00;0,00;0,17
tiempo;0,00;0,00;0,00;0,00;0,00;1,00
tierno;0,00;0,00;0,83;0,00;0,00;0,17
tierra;0,00;0,00;0,00;0,00;0,00;1,00
tieso;0,17;0,00;0,00;0,17;0,00;0,67
tijeras;0,00;0,00;0,00;0,00;0,00;1,00
t¡mido;0,00;0,17;0,00;0,00;0,00;0,83
tinta;0,00;0,00;0,00;0,00;0,00;1,00
tobillo;0,00;0,00;0,00;0,00;0,00;1,00
tobog n;0,00;0,00;0,33;0,00;0,00;0,67
tolerante;0,00;0,00;0,50;0,00;0,00;0,50
tonada;0,00;0,00;0,33;0,00;0,00;0,67
tonter¡a;0,00;0,00;0,00;0,50;0,00;0,50
tonto;0,00;0,00;0,00;0,67;0,00;0,33
tormenta;0,00;1,00;0,00;0,00;0,00;0,00
tornado;0,00;1,00;0,00;0,00;0,00;0,00
torpe;0,33;0,00;0,00;0,17;0,00;0,50
torre;0,00;0,00;0,00;0,00;0,00;1,00
tortura;0,00;0,67;0,00;0,33;0,00;0,00
t¢xico;0,00;1,00;0,00;0,00;0,00;0,00
tragedia;1,00;0,00;0,00;0,00;0,00;0,00
traicionar;0,00;0,00;0,00;0,83;0,17;0,00
traidor;0,00;0,00;0,00;1,00;0,00;0,00
trampol¡n;0,00;0,00;0,00;0,00;0,00;1,00
tranquilo;0,00;0,00;0,00;0,00;0,00;1,00
trauma;0,17;0,83;0,00;0,00;0,00;0,00
traves¡a;0,00;0,00;0,17;0,00;0,00;0,83
travesura;0,00;0,00;0,33;0,00;0,17;0,50
triste;1,00;0,00;0,00;0,00;0,00;0,00
triunfante;0,00;0,00;1,00;0,00;0,00;0,00
triunfo;0,00;0,00;1,00;0,00;0,00;0,00
trofeo;0,00;0,00;1,00;0,00;0,00;0,00
trompeta;0,00;0,00;0,33;0,00;0,00;0,67
tumba;0,50;0,33;0,00;0,00;0,00;0,17
tumor;0,50;0,50;0,00;0,00;0,00;0,00
turbio;0,00;0,50;0,00;0,33;0,00;0,17
£lcera;0,67;0,33;0,00;0,00;0,00;0,00
unidad;0,00;0,00;0,00;0,00;0,00;1,00
utensilio;0,00;0,00;0,00;0,00;0,00;1,00
£til;0,00;0,00;0,33;0,00;0,00;0,67
vaca;0,00;0,00;0,00;0,00;0,00;1,00
vacaci¢n;0,00;0,00;1,00;0,00;0,00;0,00
vacilar;0,00;0,17;0,00;0,33;0,17;0,33
vagina;0,00;0,00;0,00;0,00;0,00;1,00
valiente;0,00;0,00;0,50;0,00;0,00;0,50
vampiro;0,00;0,67;0,00;0,00;0,00;0,33
v ndalo;0,00;0,17;0,00;0,67;0,00;0,17
vanidad;0,00;0,00;0,00;0,83;0,00;0,17
veh¡culo;0,00;0,00;0,00;0,00;0,00;1,00
velero;0,00;0,00;0,00;0,00;0,00;1,00
veloz;0,00;0,00;0,00;0,00;0,00;1,00
vencedor;0,00;0,00;1,00;0,00;0,00;0,00
vencido;0,83;0,00;0,00;0,17;0,00;0,00
venda;0,17;0,00;0,00;0,00;0,00;0,83
veneno;0,00;1,00;0,00;0,00;0,00;0,00
ventaja;0,00;0,00;0,67;0,00;0,00;0,33
ventana;0,00;0,00;0,00;0,00;0,00;1,00
verdad;0,00;0,00;0,50;0,00;0,00;0,50
verde;0,00;0,00;0,33;0,00;0,00;0,67
vergonzoso;0,50;0,17;0,00;0,33;0,00;0,00
vertedero;0,17;0,00;0,00;0,17;0,00;0,67
vestido;0,00;0,00;0,00;0,00;0,00;1,00
viajes;0,00;0,00;0,33;0,00;0,00;0,67
v¡ctima;1,00;0,00;0,00;0,00;0,00;0,00
victimismo;0,33;0,17;0,00;0,50;0,00;0,00
victoria;0,00;0,00;1,00;0,00;0,00;0,00
vida;0,00;0,00;1,00;0,00;0,00;0,00
vidrio;0,00;0,00;0,00;0,00;0,00;1,00
vigilante;0,00;0,17;0,00;0,00;0,00;0,83
vigoroso;0,00;0,00;0,33;0,00;0,00;0,67
vino;0,00;0,00;0,17;0,00;0,00;0,83
violaci¢n;0,00;0,67;0,00;0,33;0,00;0,00
violento;0,00;0,17;0,00;0,83;0,00;0,00
viol¡n;0,00;0,00;0,17;0,00;0,00;0,83
virgen;0,00;0,00;0,00;0,00;0,00;1,00
virtud;0,00;0,00;0,83;0,00;0,00;0,17
viruela;0,33;0,50;0,00;0,00;0,00;0,17
visi¢n;0,00;0,00;0,00;0,00;0,00;1,00
v¡vido;0,00;0,00;0,50;0,00;0,00;0,50
vivo;0,00;0,00;0,83;0,00;0,00;0,17
volc n;0,00;0,33;0,00;0,00;0,00;0,67
v¢mito;0,33;0,00;0,00;0,00;0,00;0,67
yate;0,00;0,00;0,17;0,00;0,00;0,83
zafiro;0,00;0,00;0,33;0,00;0,00;0,67
zurra;0,00;0,33;0,00;0,50;0,00;0,17
